/*
  # Seed Initial Template Data

  Populates the dynamic template system with initial data from static TypeScript files.

  ## Data Inserted

  ### Sports
  - Basketball
  - Soccer
  - Lacrosse
  - Training (general)

  ### For Each Sport
  - Product cuts (mens, womens)
  - Garment paths (jersey/shorts, shape/trim, front/back)
  - Templates with layers and paths

  ## Notes
  - Uses fixed UUIDs for relationships during seeding
  - All data marked as active and published
  - No created_by (admin creates can be added later)
*/

-- Insert Sports
INSERT INTO sports (id, slug, label, display_order, is_active) VALUES
  ('11111111-1111-1111-1111-111111111111', 'basketball', 'Basketball', 1, true),
  ('22222222-2222-2222-2222-222222222222', 'soccer', 'Soccer', 2, true),
  ('33333333-3333-3333-3333-333333333333', 'lacrosse', 'Lacrosse', 3, true),
  ('44444444-4444-4444-4444-444444444444', 'general', 'Training', 4, true)
ON CONFLICT (slug) DO NOTHING;

-- ===== BASKETBALL =====

-- Basketball Cuts
INSERT INTO product_cuts (id, sport_id, slug, label, display_order) VALUES
  ('11111111-1111-1111-1111-000000000001', '11111111-1111-1111-1111-111111111111', 'mens', 'Men''s', 1),
  ('11111111-1111-1111-1111-000000000002', '11111111-1111-1111-1111-111111111111', 'womens', 'Women''s', 2)
ON CONFLICT (sport_id, slug) DO NOTHING;

-- Basketball Men's Garment Paths
INSERT INTO garment_paths (cut_id, garment_type, path_type, side, svg_path) VALUES
  ('11111111-1111-1111-1111-000000000001', 'jersey', 'shape', 'front', 'M110 20 C145 45 255 45 290 20 L325 35 C325 35 305 160 315 280 L315 460 C315 490 200 500 85 460 L85 280 C95 160 75 35 75 35 L110 20 Z'),
  ('11111111-1111-1111-1111-000000000001', 'jersey', 'shape', 'back', 'M110 20 C145 30 255 30 290 20 L325 35 C325 35 305 160 315 280 L315 460 C315 490 200 500 85 460 L85 280 C95 160 75 35 75 35 L110 20 Z'),
  ('11111111-1111-1111-1111-000000000001', 'jersey', 'trim', 'front', 'M110 20 C145 45 255 45 290 20 L280 15 C250 35 150 35 120 15 Z M75 35 C95 160 85 280 85 280 L95 280 C95 280 105 160 85 40 Z M325 35 C305 160 315 280 315 280 L305 280 C305 280 295 160 315 40 Z'),
  ('11111111-1111-1111-1111-000000000001', 'jersey', 'trim', 'back', 'M110 20 C145 30 255 30 290 20 L280 15 C250 25 150 25 120 15 Z M75 35 C95 160 85 280 85 280 L95 280 C95 280 105 160 85 40 Z M325 35 C305 160 315 280 315 280 L305 280 C305 280 295 160 315 40 Z'),
  ('11111111-1111-1111-1111-000000000001', 'shorts', 'shape', 'front', 'M80 50 L90 60 C92 100 95 180 95 280 L95 360 L105 370 L195 370 L200 180 L205 370 L295 370 L305 360 L305 280 C305 180 308 100 310 60 L320 50 L80 50 Z'),
  ('11111111-1111-1111-1111-000000000001', 'shorts', 'shape', 'back', 'M80 50 L90 60 C92 100 95 180 95 280 L95 360 L105 370 L195 370 L200 180 L205 370 L295 370 L305 360 L305 280 C305 180 308 100 310 60 L320 50 L80 50 Z'),
  ('11111111-1111-1111-1111-000000000001', 'shorts', 'trim', 'front', 'M80 50 L320 50 L310 80 L90 80 Z M95 360 L105 370 L195 370 L195 355 L105 355 L95 345 Z M305 360 L295 370 L205 370 L205 355 L295 355 L305 345 Z'),
  ('11111111-1111-1111-1111-000000000001', 'shorts', 'trim', 'back', 'M80 50 L320 50 L310 80 L90 80 Z M95 360 L105 370 L195 370 L195 355 L105 355 L95 345 Z M305 360 L295 370 L205 370 L205 355 L295 355 L305 345 Z');

-- Basketball Women's Garment Paths
INSERT INTO garment_paths (cut_id, garment_type, path_type, side, svg_path) VALUES
  ('11111111-1111-1111-1111-000000000002', 'jersey', 'shape', 'front', 'M120 20 C150 40 250 40 280 20 L310 40 C310 40 290 150 300 260 L310 460 C310 460 200 480 90 460 L100 260 C110 150 90 40 90 40 L120 20 Z'),
  ('11111111-1111-1111-1111-000000000002', 'jersey', 'shape', 'back', 'M130 20 C150 20 250 20 270 20 L290 40 C270 90 290 180 300 260 L310 460 C310 460 200 480 90 460 L100 260 C110 180 130 90 110 40 L130 20 Z'),
  ('11111111-1111-1111-1111-000000000002', 'jersey', 'trim', 'front', 'M120 20 C150 40 250 40 280 20 L275 15 C250 30 150 30 125 15 Z M90 40 C110 150 100 260 100 260 L110 260 C110 260 120 150 100 40 Z M310 40 C290 150 300 260 300 260 L290 260 C290 260 280 150 300 40 Z'),
  ('11111111-1111-1111-1111-000000000002', 'jersey', 'trim', 'back', 'M130 20 L270 20 L260 25 L140 25 Z M110 40 C130 90 110 180 100 260 L110 260 C120 180 140 90 120 40 Z M290 40 C270 90 290 180 300 260 L290 260 C280 180 260 90 280 40 Z'),
  ('11111111-1111-1111-1111-000000000002', 'shorts', 'shape', 'front', 'M90 50 L100 60 C102 100 105 180 105 270 L100 350 L105 360 L195 360 L200 180 L205 360 L295 360 L300 350 L295 270 C295 180 298 100 300 60 L310 50 L90 50 Z'),
  ('11111111-1111-1111-1111-000000000002', 'shorts', 'shape', 'back', 'M90 50 L100 60 C102 100 105 180 105 270 L100 350 L105 360 L195 360 L200 180 L205 360 L295 360 L300 350 L295 270 C295 180 298 100 300 60 L310 50 L90 50 Z'),
  ('11111111-1111-1111-1111-000000000002', 'shorts', 'trim', 'front', 'M90 50 L310 50 L305 75 L95 75 Z M100 350 L105 360 L195 360 L195 345 L105 345 L100 335 Z M300 350 L295 360 L205 360 L205 345 L295 345 L300 335 Z'),
  ('11111111-1111-1111-1111-000000000002', 'shorts', 'trim', 'back', 'M90 50 L310 50 L305 75 L95 75 Z M100 350 L105 360 L195 360 L195 345 L105 345 L100 335 Z M300 350 L295 360 L205 360 L205 345 L295 345 L300 335 Z');

-- Basketball Templates
INSERT INTO sport_templates (id, sport_id, slug, label, display_order, is_published) VALUES
  ('11111111-1111-0000-0000-000000000001', '11111111-1111-1111-1111-111111111111', 'classic', 'Classic', 1, true),
  ('11111111-1111-0000-0000-000000000002', '11111111-1111-1111-1111-111111111111', 'pinstripe', 'Retro Pinstripe', 2, true),
  ('11111111-1111-0000-0000-000000000003', '11111111-1111-1111-1111-111111111111', 'modern-side', 'Pro Side Fade', 3, true),
  ('11111111-1111-0000-0000-000000000004', '11111111-1111-1111-1111-111111111111', 'wishbone', 'Wishbone Collar', 4, true),
  ('11111111-1111-0000-0000-000000000005', '11111111-1111-1111-1111-111111111111', 'city-edition', 'City Gradient', 5, true)
ON CONFLICT (sport_id, slug) DO NOTHING;

-- Basketball Template Layers and Paths (Pinstripe)
INSERT INTO template_layers (id, template_id, layer_slug, label, display_order) VALUES
  ('11111111-1111-0001-0000-000000000001', '11111111-1111-0000-0000-000000000002', 'stripes', 'Pinstripes', 1)
ON CONFLICT (template_id, layer_slug) DO NOTHING;

INSERT INTO layer_paths (layer_id, garment_type, side, svg_path) VALUES
  ('11111111-1111-0001-0000-000000000001', 'jersey', 'front', 'M130 20 L130 480 M170 40 L170 480 M210 50 L210 480 M250 50 L250 480 M290 40 L290 480'),
  ('11111111-1111-0001-0000-000000000001', 'jersey', 'back', 'M130 20 L130 480 M170 40 L170 480 M210 50 L210 480 M250 50 L250 480 M290 40 L290 480'),
  ('11111111-1111-0001-0000-000000000001', 'shorts', 'front', 'M130 80 L130 370 M170 80 L170 370 M230 80 L230 370 M270 80 L270 370'),
  ('11111111-1111-0001-0000-000000000001', 'shorts', 'back', 'M130 80 L130 370 M170 80 L170 370 M230 80 L230 370 M270 80 L270 370');

-- Basketball Template Layers and Paths (Modern Side)
INSERT INTO template_layers (id, template_id, layer_slug, label, display_order) VALUES
  ('11111111-1111-0001-0000-000000000002', '11111111-1111-0000-0000-000000000003', 'side-panels', 'Side Panels', 1)
ON CONFLICT (template_id, layer_slug) DO NOTHING;

INSERT INTO layer_paths (layer_id, garment_type, side, svg_path) VALUES
  ('11111111-1111-0001-0000-000000000002', 'jersey', 'front', 'M85 280 L85 460 L120 460 C120 350 110 150 95 100 Z M315 280 L315 460 L280 460 C280 350 290 150 305 100 Z'),
  ('11111111-1111-0001-0000-000000000002', 'jersey', 'back', 'M85 280 L85 460 L120 460 C120 350 110 150 95 100 Z M315 280 L315 460 L280 460 C280 350 290 150 305 100 Z'),
  ('11111111-1111-0001-0000-000000000002', 'shorts', 'front', 'M90 80 L95 360 L125 370 L130 80 Z M310 80 L305 360 L275 370 L270 80 Z'),
  ('11111111-1111-0001-0000-000000000002', 'shorts', 'back', 'M90 80 L95 360 L125 370 L130 80 Z M310 80 L305 360 L275 370 L270 80 Z');

-- Basketball Template Layers and Paths (Wishbone)
INSERT INTO template_layers (id, template_id, layer_slug, label, display_order) VALUES
  ('11111111-1111-0001-0000-000000000003', '11111111-1111-0000-0000-000000000004', 'collar-accent', 'Wishbone', 1)
ON CONFLICT (template_id, layer_slug) DO NOTHING;

INSERT INTO layer_paths (layer_id, garment_type, side, svg_path) VALUES
  ('11111111-1111-0001-0000-000000000003', 'jersey', 'front', 'M110 20 L200 120 L290 20 L280 15 L200 100 L120 15 Z'),
  ('11111111-1111-0001-0000-000000000003', 'jersey', 'back', 'M110 20 C145 30 255 30 290 20 L290 30 C255 40 145 40 110 30 Z'),
  ('11111111-1111-0001-0000-000000000003', 'shorts', 'front', 'M180 50 L220 50 L220 80 L180 80 Z'),
  ('11111111-1111-0001-0000-000000000003', 'shorts', 'back', '');

-- Basketball Template Layers and Paths (City Edition)
INSERT INTO template_layers (id, template_id, layer_slug, label, display_order) VALUES
  ('11111111-1111-0001-0000-000000000004', '11111111-1111-0000-0000-000000000005', 'horizon', 'Horizon Line', 1)
ON CONFLICT (template_id, layer_slug) DO NOTHING;

INSERT INTO layer_paths (layer_id, garment_type, side, svg_path) VALUES
  ('11111111-1111-0001-0000-000000000004', 'jersey', 'front', 'M75 300 L325 300 L325 360 L75 360 Z M75 380 L325 380 L325 400 L75 400 Z'),
  ('11111111-1111-0001-0000-000000000004', 'jersey', 'back', 'M75 300 L325 300 L325 360 L75 360 Z M75 380 L325 380 L325 400 L75 400 Z'),
  ('11111111-1111-0001-0000-000000000004', 'shorts', 'front', 'M95 300 L195 300 L200 370 L100 370 Z'),
  ('11111111-1111-0001-0000-000000000004', 'shorts', 'back', 'M95 300 L195 300 L200 370 L100 370 Z');

-- ===== SOCCER =====

-- Soccer Cuts
INSERT INTO product_cuts (id, sport_id, slug, label, display_order) VALUES
  ('22222222-2222-2222-2222-000000000001', '22222222-2222-2222-2222-222222222222', 'mens', 'Men''s', 1),
  ('22222222-2222-2222-2222-000000000002', '22222222-2222-2222-2222-222222222222', 'womens', 'Women''s', 2)
ON CONFLICT (sport_id, slug) DO NOTHING;

-- Soccer Men's Garment Paths
INSERT INTO garment_paths (cut_id, garment_type, path_type, side, svg_path) VALUES
  ('22222222-2222-2222-2222-000000000001', 'jersey', 'shape', 'front', 'M140 20 C170 30 230 30 260 20 L380 80 L350 120 L320 100 L320 480 L80 480 L80 100 L50 120 L20 80 L140 20 Z'),
  ('22222222-2222-2222-2222-000000000001', 'jersey', 'shape', 'back', 'M140 20 C170 25 230 25 260 20 L380 80 L350 120 L320 100 L320 480 L80 480 L80 100 L50 120 L20 80 L140 20 Z'),
  ('22222222-2222-2222-2222-000000000001', 'jersey', 'trim', 'front', 'M140 20 C170 50 230 50 260 20 L250 15 C220 40 180 40 150 15 Z M20 80 L50 120 L60 115 L30 75 Z M380 80 L350 120 L340 115 L370 75 Z'),
  ('22222222-2222-2222-2222-000000000001', 'jersey', 'trim', 'back', 'M140 20 C170 25 230 25 260 20 L250 15 C220 20 180 20 150 15 Z'),
  ('22222222-2222-2222-2222-000000000001', 'shorts', 'shape', 'front', 'M80 50 L90 60 C95 120 100 200 105 280 L105 380 C105 400 110 420 120 430 L130 440 L170 440 L180 430 C185 420 185 400 185 380 L185 280 C190 200 195 120 200 60 L210 60 C215 120 220 200 215 280 L215 380 C215 400 215 420 220 430 L230 440 L270 440 L280 430 C290 420 295 400 295 380 L295 280 C300 200 305 120 310 60 L320 50 L80 50 Z'),
  ('22222222-2222-2222-2222-000000000001', 'shorts', 'shape', 'back', 'M80 50 L90 60 C95 120 100 200 105 280 L105 380 C105 400 110 420 120 430 L130 440 L170 440 L180 430 C185 420 185 400 185 380 L185 280 C190 200 195 120 200 60 L210 60 C215 120 220 200 215 280 L215 380 C215 400 215 420 220 430 L230 440 L270 440 L280 430 C290 420 295 400 295 380 L295 280 C300 200 305 120 310 60 L320 50 L80 50 Z'),
  ('22222222-2222-2222-2222-000000000001', 'shorts', 'trim', 'front', 'M80 50 L320 50 L320 70 L80 70 Z M105 280 L105 290 L185 290 L185 280 Z M215 280 L215 290 L295 290 L295 280 Z'),
  ('22222222-2222-2222-2222-000000000001', 'shorts', 'trim', 'back', 'M80 50 L320 50 L320 70 L80 70 Z M105 280 L105 290 L185 290 L185 280 Z M215 280 L215 290 L295 290 L295 280 Z');

-- Soccer Women's Garment Paths
INSERT INTO garment_paths (cut_id, garment_type, path_type, side, svg_path) VALUES
  ('22222222-2222-2222-2222-000000000002', 'jersey', 'shape', 'front', 'M140 20 C170 30 230 30 260 20 L360 70 L340 100 L310 90 L320 200 L320 480 L80 480 L80 200 L90 90 L60 100 L40 70 L140 20 Z'),
  ('22222222-2222-2222-2222-000000000002', 'jersey', 'shape', 'back', 'M140 20 C170 30 230 30 260 20 L360 70 L340 100 L310 90 L320 200 L320 480 L80 480 L80 200 L90 90 L60 100 L40 70 L140 20 Z'),
  ('22222222-2222-2222-2222-000000000002', 'jersey', 'trim', 'front', 'M140 20 C170 50 230 50 260 20 L250 15 C220 40 180 40 150 15 Z M40 70 L60 100 L70 95 L50 65 Z M360 70 L340 100 L330 95 L350 65 Z'),
  ('22222222-2222-2222-2222-000000000002', 'jersey', 'trim', 'back', 'M140 20 C170 30 230 30 260 20 L250 15 C220 25 180 25 150 15 Z'),
  ('22222222-2222-2222-2222-000000000002', 'shorts', 'shape', 'front', 'M90 50 L100 60 C105 120 110 200 115 280 L115 370 C115 390 120 410 130 420 L140 430 L175 430 L185 420 C190 410 190 390 190 370 L190 280 C195 200 200 120 200 60 L210 60 C210 120 215 200 210 280 L210 370 C210 390 210 410 215 420 L225 430 L260 430 L270 420 C280 410 285 390 285 370 L285 280 C290 200 295 120 300 60 L310 50 L90 50 Z'),
  ('22222222-2222-2222-2222-000000000002', 'shorts', 'shape', 'back', 'M90 50 L100 60 C105 120 110 200 115 280 L115 370 C115 390 120 410 130 420 L140 430 L175 430 L185 420 C190 410 190 390 190 370 L190 280 C195 200 200 120 200 60 L210 60 C210 120 215 200 210 280 L210 370 C210 390 210 410 215 420 L225 430 L260 430 L270 420 C280 410 285 390 285 370 L285 280 C290 200 295 120 300 60 L310 50 L90 50 Z'),
  ('22222222-2222-2222-2222-000000000002', 'shorts', 'trim', 'front', 'M90 50 L310 50 L310 70 L90 70 Z M115 280 L115 290 L190 290 L190 280 Z M210 280 L210 290 L285 290 L285 280 Z'),
  ('22222222-2222-2222-2222-000000000002', 'shorts', 'trim', 'back', 'M90 50 L310 50 L310 70 L90 70 Z M115 280 L115 290 L190 290 L190 280 Z M210 280 L210 290 L285 290 L285 280 Z');

-- Soccer Templates
INSERT INTO sport_templates (id, sport_id, slug, label, display_order, is_published) VALUES
  ('22222222-2222-0000-0000-000000000001', '22222222-2222-2222-2222-222222222222', 'classic', 'Classic', 1, true),
  ('22222222-2222-0000-0000-000000000002', '22222222-2222-2222-2222-222222222222', 'striker', 'Striker', 2, true),
  ('22222222-2222-0000-0000-000000000003', '22222222-2222-2222-2222-222222222222', 'premier', 'Premier', 3, true)
ON CONFLICT (sport_id, slug) DO NOTHING;

-- Soccer Template Layers (Striker)
INSERT INTO template_layers (id, template_id, layer_slug, label, display_order) VALUES
  ('22222222-2222-0001-0000-000000000001', '22222222-2222-0000-0000-000000000002', 'sides', 'Side Panels', 1)
ON CONFLICT (template_id, layer_slug) DO NOTHING;

INSERT INTO layer_paths (layer_id, garment_type, side, svg_path) VALUES
  ('22222222-2222-0001-0000-000000000001', 'jersey', 'front', 'M80 120 L80 480 L110 480 L110 130 Z M320 120 L320 480 L290 480 L290 130 Z'),
  ('22222222-2222-0001-0000-000000000001', 'jersey', 'back', 'M80 120 L80 480 L110 480 L110 130 Z M320 120 L320 480 L290 480 L290 130 Z'),
  ('22222222-2222-0001-0000-000000000001', 'shorts', 'front', 'M80 60 L85 70 L90 280 L95 380 L100 430 L105 430 L110 380 L105 280 L100 70 L95 60 Z M305 60 L300 70 L295 280 L290 380 L295 430 L300 430 L305 380 L310 280 L315 70 L320 60 Z'),
  ('22222222-2222-0001-0000-000000000001', 'shorts', 'back', 'M80 60 L85 70 L90 280 L95 380 L100 430 L105 430 L110 380 L105 280 L100 70 L95 60 Z M305 60 L300 70 L295 280 L290 380 L295 430 L300 430 L305 380 L310 280 L315 70 L320 60 Z');

-- Soccer Template Layers (Premier - Shoulders)
INSERT INTO template_layers (id, template_id, layer_slug, label, display_order) VALUES
  ('22222222-2222-0001-0000-000000000002', '22222222-2222-0000-0000-000000000003', 'shoulders', 'Shoulder Cap', 1),
  ('22222222-2222-0001-0000-000000000003', '22222222-2222-0000-0000-000000000003', 'chevron', 'Sash', 2)
ON CONFLICT (template_id, layer_slug) DO NOTHING;

INSERT INTO layer_paths (layer_id, garment_type, side, svg_path) VALUES
  ('22222222-2222-0001-0000-000000000002', 'jersey', 'front', 'M20 80 L140 20 C170 30 230 30 260 20 L380 80 L380 80 L260 60 C200 70 200 70 140 60 L20 80 Z'),
  ('22222222-2222-0001-0000-000000000002', 'jersey', 'back', 'M20 80 L140 20 C170 30 230 30 260 20 L380 80 L380 80 L260 60 C200 70 200 70 140 60 L20 80 Z'),
  ('22222222-2222-0001-0000-000000000002', 'shorts', 'front', 'M80 50 L90 60 L310 60 L320 50 L320 100 L80 100 Z'),
  ('22222222-2222-0001-0000-000000000002', 'shorts', 'back', 'M80 50 L90 60 L310 60 L320 50 L320 100 L80 100 Z'),
  ('22222222-2222-0001-0000-000000000003', 'jersey', 'front', 'M80 140 L200 200 L320 140 L320 190 L200 250 L80 190 Z'),
  ('22222222-2222-0001-0000-000000000003', 'jersey', 'back', 'M80 140 L200 200 L320 140 L320 190 L200 250 L80 190 Z'),
  ('22222222-2222-0001-0000-000000000003', 'shorts', 'front', 'M105 150 L115 160 L115 350 L105 360 L105 150 Z M185 150 L195 160 L195 350 L185 360 L185 150 Z M215 150 L225 160 L225 350 L215 360 L215 150 Z M295 150 L305 160 L305 350 L295 360 L295 150 Z'),
  ('22222222-2222-0001-0000-000000000003', 'shorts', 'back', 'M105 150 L115 160 L115 350 L105 360 L105 150 Z M185 150 L195 160 L195 350 L185 360 L185 150 Z M215 150 L225 160 L225 350 L215 360 L215 150 Z M295 150 L305 160 L305 350 L295 360 L295 150 Z');

-- ===== LACROSSE =====

-- Lacrosse Cuts
INSERT INTO product_cuts (id, sport_id, slug, label, display_order) VALUES
  ('33333333-3333-3333-3333-000000000001', '33333333-3333-3333-3333-333333333333', 'mens', 'Men''s', 1),
  ('33333333-3333-3333-3333-000000000002', '33333333-3333-3333-3333-333333333333', 'womens', 'Women''s', 2)
ON CONFLICT (sport_id, slug) DO NOTHING;

-- Lacrosse Men's Garment Paths (same as Soccer)
INSERT INTO garment_paths (cut_id, garment_type, path_type, side, svg_path) VALUES
  ('33333333-3333-3333-3333-000000000001', 'jersey', 'shape', 'front', 'M140 20 C170 30 230 30 260 20 L380 80 L350 120 L320 100 L320 480 L80 480 L80 100 L50 120 L20 80 L140 20 Z'),
  ('33333333-3333-3333-3333-000000000001', 'jersey', 'shape', 'back', 'M140 20 C170 25 230 25 260 20 L380 80 L350 120 L320 100 L320 480 L80 480 L80 100 L50 120 L20 80 L140 20 Z'),
  ('33333333-3333-3333-3333-000000000001', 'jersey', 'trim', 'front', 'M140 20 C170 50 230 50 260 20 L250 15 C220 40 180 40 150 15 Z M20 80 L50 120 L60 115 L30 75 Z M380 80 L350 120 L340 115 L370 75 Z'),
  ('33333333-3333-3333-3333-000000000001', 'jersey', 'trim', 'back', 'M140 20 C170 25 230 25 260 20 L250 15 C220 20 180 20 150 15 Z'),
  ('33333333-3333-3333-3333-000000000001', 'shorts', 'shape', 'front', 'M80 50 L90 60 C95 120 100 200 105 280 L105 380 C105 400 110 420 120 430 L130 440 L170 440 L180 430 C185 420 185 400 185 380 L185 280 C190 200 195 120 200 60 L210 60 C215 120 220 200 215 280 L215 380 C215 400 215 420 220 430 L230 440 L270 440 L280 430 C290 420 295 400 295 380 L295 280 C300 200 305 120 310 60 L320 50 L80 50 Z'),
  ('33333333-3333-3333-3333-000000000001', 'shorts', 'shape', 'back', 'M80 50 L90 60 C95 120 100 200 105 280 L105 380 C105 400 110 420 120 430 L130 440 L170 440 L180 430 C185 420 185 400 185 380 L185 280 C190 200 195 120 200 60 L210 60 C215 120 220 200 215 280 L215 380 C215 400 215 420 220 430 L230 440 L270 440 L280 430 C290 420 295 400 295 380 L295 280 C300 200 305 120 310 60 L320 50 L80 50 Z'),
  ('33333333-3333-3333-3333-000000000001', 'shorts', 'trim', 'front', 'M80 50 L320 50 L320 70 L80 70 Z M105 280 L105 290 L185 290 L185 280 Z M215 280 L215 290 L295 290 L295 280 Z'),
  ('33333333-3333-3333-3333-000000000001', 'shorts', 'trim', 'back', 'M80 50 L320 50 L320 70 L80 70 Z M105 280 L105 290 L185 290 L185 280 Z M215 280 L215 290 L295 290 L295 280 Z');

-- Lacrosse Women's Garment Paths
INSERT INTO garment_paths (cut_id, garment_type, path_type, side, svg_path) VALUES
  ('33333333-3333-3333-3333-000000000002', 'jersey', 'shape', 'front', 'M120 20 C150 30 250 30 280 20 L320 40 C320 40 290 160 310 260 C320 300 320 480 320 480 L80 480 C80 480 80 300 90 260 C110 160 80 40 80 40 L120 20 Z'),
  ('33333333-3333-3333-3333-000000000002', 'jersey', 'shape', 'back', 'M140 20 C160 20 240 20 260 20 L300 40 C280 100 300 200 320 260 C330 300 320 480 320 480 L80 480 C80 480 70 300 80 260 C100 200 120 100 100 40 L140 20 Z'),
  ('33333333-3333-3333-3333-000000000002', 'jersey', 'trim', 'front', 'M120 20 C150 50 250 50 280 20 L270 15 C240 40 160 40 130 15 Z M80 40 C110 160 90 260 90 260 L100 260 C100 260 120 160 90 30 Z M320 40 C290 160 310 260 310 260 L300 260 C300 260 280 160 310 30 Z'),
  ('33333333-3333-3333-3333-000000000002', 'jersey', 'trim', 'back', 'M140 20 L260 20 L250 25 L150 25 Z M100 40 C120 100 100 200 80 260 L90 260 C110 200 130 100 110 35 Z M300 40 C280 100 300 200 320 260 L310 260 C290 200 270 100 290 35 Z'),
  ('33333333-3333-3333-3333-000000000002', 'shorts', 'shape', 'front', 'M90 50 L100 60 C105 120 110 200 115 280 L115 370 C115 390 120 410 130 420 L140 430 L175 430 L185 420 C190 410 190 390 190 370 L190 280 C195 200 200 120 200 60 L210 60 C210 120 215 200 210 280 L210 370 C210 390 210 410 215 420 L225 430 L260 430 L270 420 C280 410 285 390 285 370 L285 280 C290 200 295 120 300 60 L310 50 L90 50 Z'),
  ('33333333-3333-3333-3333-000000000002', 'shorts', 'shape', 'back', 'M90 50 L100 60 C105 120 110 200 115 280 L115 370 C115 390 120 410 130 420 L140 430 L175 430 L185 420 C190 410 190 390 190 370 L190 280 C195 200 200 120 200 60 L210 60 C210 120 215 200 210 280 L210 370 C210 390 210 410 215 420 L225 430 L260 430 L270 420 C280 410 285 390 285 370 L285 280 C290 200 295 120 300 60 L310 50 L90 50 Z'),
  ('33333333-3333-3333-3333-000000000002', 'shorts', 'trim', 'front', 'M90 50 L310 50 L310 70 L90 70 Z M115 280 L115 290 L190 290 L190 280 Z M210 280 L210 290 L285 290 L285 280 Z'),
  ('33333333-3333-3333-3333-000000000002', 'shorts', 'trim', 'back', 'M90 50 L310 50 L310 70 L90 70 Z M115 280 L115 290 L190 290 L190 280 Z M210 280 L210 290 L285 290 L285 280 Z');

-- Lacrosse Templates
INSERT INTO sport_templates (id, sport_id, slug, label, display_order, is_published) VALUES
  ('33333333-3333-0000-0000-000000000001', '33333333-3333-3333-3333-333333333333', 'classic', 'Classic', 1, true),
  ('33333333-3333-0000-0000-000000000002', '33333333-3333-3333-3333-333333333333', 'speed', 'Speed', 2, true)
ON CONFLICT (sport_id, slug) DO NOTHING;

-- Lacrosse Template Layers (Speed)
INSERT INTO template_layers (id, template_id, layer_slug, label, display_order) VALUES
  ('33333333-3333-0001-0000-000000000001', '33333333-3333-0000-0000-000000000002', 'sides', 'Side Panels', 1)
ON CONFLICT (template_id, layer_slug) DO NOTHING;

INSERT INTO layer_paths (layer_id, garment_type, side, svg_path) VALUES
  ('33333333-3333-0001-0000-000000000001', 'jersey', 'front', 'M80 300 L80 480 L110 480 L110 310 Z M320 300 L320 480 L290 480 L290 310 Z'),
  ('33333333-3333-0001-0000-000000000001', 'jersey', 'back', 'M80 300 L80 480 L110 480 L110 310 Z M320 300 L320 480 L290 480 L290 310 Z'),
  ('33333333-3333-0001-0000-000000000001', 'shorts', 'front', 'M80 60 L85 70 L90 280 L95 380 L100 430 L105 430 L110 380 L105 280 L100 70 L95 60 Z M305 60 L300 70 L295 280 L290 380 L295 430 L300 430 L305 380 L310 280 L315 70 L320 60 Z'),
  ('33333333-3333-0001-0000-000000000001', 'shorts', 'back', 'M80 60 L85 70 L90 280 L95 380 L100 430 L105 430 L110 380 L105 280 L100 70 L95 60 Z M305 60 L300 70 L295 280 L290 380 L295 430 L300 430 L305 380 L310 280 L315 70 L320 60 Z');

-- ===== GENERAL/TRAINING (Reuses Soccer data) =====

-- Training Cuts
INSERT INTO product_cuts (id, sport_id, slug, label, display_order) VALUES
  ('44444444-4444-4444-4444-000000000001', '44444444-4444-4444-4444-444444444444', 'mens', 'Men''s', 1),
  ('44444444-4444-4444-4444-000000000002', '44444444-4444-4444-4444-444444444444', 'womens', 'Women''s', 2)
ON CONFLICT (sport_id, slug) DO NOTHING;

-- Training Men's Garment Paths (same as Soccer)
INSERT INTO garment_paths (cut_id, garment_type, path_type, side, svg_path) VALUES
  ('44444444-4444-4444-4444-000000000001', 'jersey', 'shape', 'front', 'M140 20 C170 30 230 30 260 20 L380 80 L350 120 L320 100 L320 480 L80 480 L80 100 L50 120 L20 80 L140 20 Z'),
  ('44444444-4444-4444-4444-000000000001', 'jersey', 'shape', 'back', 'M140 20 C170 25 230 25 260 20 L380 80 L350 120 L320 100 L320 480 L80 480 L80 100 L50 120 L20 80 L140 20 Z'),
  ('44444444-4444-4444-4444-000000000001', 'jersey', 'trim', 'front', 'M140 20 C170 50 230 50 260 20 L250 15 C220 40 180 40 150 15 Z M20 80 L50 120 L60 115 L30 75 Z M380 80 L350 120 L340 115 L370 75 Z'),
  ('44444444-4444-4444-4444-000000000001', 'jersey', 'trim', 'back', 'M140 20 C170 25 230 25 260 20 L250 15 C220 20 180 20 150 15 Z'),
  ('44444444-4444-4444-4444-000000000001', 'shorts', 'shape', 'front', 'M80 50 L90 60 C95 120 100 200 105 280 L105 380 C105 400 110 420 120 430 L130 440 L170 440 L180 430 C185 420 185 400 185 380 L185 280 C190 200 195 120 200 60 L210 60 C215 120 220 200 215 280 L215 380 C215 400 215 420 220 430 L230 440 L270 440 L280 430 C290 420 295 400 295 380 L295 280 C300 200 305 120 310 60 L320 50 L80 50 Z'),
  ('44444444-4444-4444-4444-000000000001', 'shorts', 'shape', 'back', 'M80 50 L90 60 C95 120 100 200 105 280 L105 380 C105 400 110 420 120 430 L130 440 L170 440 L180 430 C185 420 185 400 185 380 L185 280 C190 200 195 120 200 60 L210 60 C215 120 220 200 215 280 L215 380 C215 400 215 420 220 430 L230 440 L270 440 L280 430 C290 420 295 400 295 380 L295 280 C300 200 305 120 310 60 L320 50 L80 50 Z'),
  ('44444444-4444-4444-4444-000000000001', 'shorts', 'trim', 'front', 'M80 50 L320 50 L320 70 L80 70 Z M105 280 L105 290 L185 290 L185 280 Z M215 280 L215 290 L295 290 L295 280 Z'),
  ('44444444-4444-4444-4444-000000000001', 'shorts', 'trim', 'back', 'M80 50 L320 50 L320 70 L80 70 Z M105 280 L105 290 L185 290 L185 280 Z M215 280 L215 290 L295 290 L295 280 Z');

-- Training Women's Garment Paths (same as Soccer)
INSERT INTO garment_paths (cut_id, garment_type, path_type, side, svg_path) VALUES
  ('44444444-4444-4444-4444-000000000002', 'jersey', 'shape', 'front', 'M140 20 C170 30 230 30 260 20 L360 70 L340 100 L310 90 L320 200 L320 480 L80 480 L80 200 L90 90 L60 100 L40 70 L140 20 Z'),
  ('44444444-4444-4444-4444-000000000002', 'jersey', 'shape', 'back', 'M140 20 C170 30 230 30 260 20 L360 70 L340 100 L310 90 L320 200 L320 480 L80 480 L80 200 L90 90 L60 100 L40 70 L140 20 Z'),
  ('44444444-4444-4444-4444-000000000002', 'jersey', 'trim', 'front', 'M140 20 C170 50 230 50 260 20 L250 15 C220 40 180 40 150 15 Z M40 70 L60 100 L70 95 L50 65 Z M360 70 L340 100 L330 95 L350 65 Z'),
  ('44444444-4444-4444-4444-000000000002', 'jersey', 'trim', 'back', 'M140 20 C170 30 230 30 260 20 L250 15 C220 25 180 25 150 15 Z'),
  ('44444444-4444-4444-4444-000000000002', 'shorts', 'shape', 'front', 'M90 50 L100 60 C105 120 110 200 115 280 L115 370 C115 390 120 410 130 420 L140 430 L175 430 L185 420 C190 410 190 390 190 370 L190 280 C195 200 200 120 200 60 L210 60 C210 120 215 200 210 280 L210 370 C210 390 210 410 215 420 L225 430 L260 430 L270 420 C280 410 285 390 285 370 L285 280 C290 200 295 120 300 60 L310 50 L90 50 Z'),
  ('44444444-4444-4444-4444-000000000002', 'shorts', 'shape', 'back', 'M90 50 L100 60 C105 120 110 200 115 280 L115 370 C115 390 120 410 130 420 L140 430 L175 430 L185 420 C190 410 190 390 190 370 L190 280 C195 200 200 120 200 60 L210 60 C210 120 215 200 210 280 L210 370 C210 390 210 410 215 420 L225 430 L260 430 L270 420 C280 410 285 390 285 370 L285 280 C290 200 295 120 300 60 L310 50 L90 50 Z'),
  ('44444444-4444-4444-4444-000000000002', 'shorts', 'trim', 'front', 'M90 50 L310 50 L310 70 L90 70 Z M115 280 L115 290 L190 290 L190 280 Z M210 280 L210 290 L285 290 L285 280 Z'),
  ('44444444-4444-4444-4444-000000000002', 'shorts', 'trim', 'back', 'M90 50 L310 50 L310 70 L90 70 Z M115 280 L115 290 L190 290 L190 280 Z M210 280 L210 290 L285 290 L285 280 Z');

-- Training Templates (same as Soccer)
INSERT INTO sport_templates (id, sport_id, slug, label, display_order, is_published) VALUES
  ('44444444-4444-0000-0000-000000000001', '44444444-4444-4444-4444-444444444444', 'classic', 'Classic', 1, true),
  ('44444444-4444-0000-0000-000000000002', '44444444-4444-4444-4444-444444444444', 'striker', 'Striker', 2, true),
  ('44444444-4444-0000-0000-000000000003', '44444444-4444-4444-4444-444444444444', 'premier', 'Premier', 3, true)
ON CONFLICT (sport_id, slug) DO NOTHING;

-- Training Template Layers (reuse Soccer data)
INSERT INTO template_layers (id, template_id, layer_slug, label, display_order) VALUES
  ('44444444-4444-0001-0000-000000000001', '44444444-4444-0000-0000-000000000002', 'sides', 'Side Panels', 1),
  ('44444444-4444-0001-0000-000000000002', '44444444-4444-0000-0000-000000000003', 'shoulders', 'Shoulder Cap', 1),
  ('44444444-4444-0001-0000-000000000003', '44444444-4444-0000-0000-000000000003', 'chevron', 'Sash', 2)
ON CONFLICT (template_id, layer_slug) DO NOTHING;

INSERT INTO layer_paths (layer_id, garment_type, side, svg_path) VALUES
  ('44444444-4444-0001-0000-000000000001', 'jersey', 'front', 'M80 120 L80 480 L110 480 L110 130 Z M320 120 L320 480 L290 480 L290 130 Z'),
  ('44444444-4444-0001-0000-000000000001', 'jersey', 'back', 'M80 120 L80 480 L110 480 L110 130 Z M320 120 L320 480 L290 480 L290 130 Z'),
  ('44444444-4444-0001-0000-000000000001', 'shorts', 'front', 'M80 60 L85 70 L90 280 L95 380 L100 430 L105 430 L110 380 L105 280 L100 70 L95 60 Z M305 60 L300 70 L295 280 L290 380 L295 430 L300 430 L305 380 L310 280 L315 70 L320 60 Z'),
  ('44444444-4444-0001-0000-000000000001', 'shorts', 'back', 'M80 60 L85 70 L90 280 L95 380 L100 430 L105 430 L110 380 L105 280 L100 70 L95 60 Z M305 60 L300 70 L295 280 L290 380 L295 430 L300 430 L305 380 L310 280 L315 70 L320 60 Z'),
  ('44444444-4444-0001-0000-000000000002', 'jersey', 'front', 'M20 80 L140 20 C170 30 230 30 260 20 L380 80 L380 80 L260 60 C200 70 200 70 140 60 L20 80 Z'),
  ('44444444-4444-0001-0000-000000000002', 'jersey', 'back', 'M20 80 L140 20 C170 30 230 30 260 20 L380 80 L380 80 L260 60 C200 70 200 70 140 60 L20 80 Z'),
  ('44444444-4444-0001-0000-000000000002', 'shorts', 'front', 'M80 50 L90 60 L310 60 L320 50 L320 100 L80 100 Z'),
  ('44444444-4444-0001-0000-000000000002', 'shorts', 'back', 'M80 50 L90 60 L310 60 L320 50 L320 100 L80 100 Z'),
  ('44444444-4444-0001-0000-000000000003', 'jersey', 'front', 'M80 140 L200 200 L320 140 L320 190 L200 250 L80 190 Z'),
  ('44444444-4444-0001-0000-000000000003', 'jersey', 'back', 'M80 140 L200 200 L320 140 L320 190 L200 250 L80 190 Z'),
  ('44444444-4444-0001-0000-000000000003', 'shorts', 'front', 'M105 150 L115 160 L115 350 L105 360 L105 150 Z M185 150 L195 160 L195 350 L185 360 L185 150 Z M215 150 L225 160 L225 350 L215 360 L215 150 Z M295 150 L305 160 L305 350 L295 360 L295 150 Z'),
  ('44444444-4444-0001-0000-000000000003', 'shorts', 'back', 'M105 150 L115 160 L115 350 L105 360 L105 150 Z M185 150 L195 160 L195 350 L185 360 L185 150 Z M215 150 L225 160 L225 350 L215 360 L215 150 Z M295 150 L305 160 L305 350 L295 360 L295 150 Z');
